{
  "links": [
    {
      "srcSeq": 1,
      "dstSeq": 2,
      "weight": 1050
    },
    {
      "srcSeq": 1,
      "dstSeq": 3,
      "weight": 1500
    },
    {
      "srcSeq": 1,
      "dstSeq": 8,
      "weight": 1800
    },
    {
      "srcSeq": 2,
      "dstSeq": 3,
      "weight": 600
    },
    {
      "srcSeq": 2,
      "dstSeq": 4,
      "weight": 600
    },
    {
      "srcSeq": 3,
      "dstSeq": 5,
      "weight": 1500
    },
    {
      "srcSeq": 4,
      "dstSeq": 6,
      "weight": 600
    },
    {
      "srcSeq": 4,
      "dstSeq": 10,
      "weight": 1500
    },
    {
      "srcSeq": 5,
      "dstSeq": 6,
      "weight": 1300
    },
    {
      "srcSeq": 5,
      "dstSeq": 9,
      "weight": 1050
    },
    {
      "srcSeq": 5,
      "dstSeq": 14,
      "weight": 1500
    },
    {
      "srcSeq": 6,
      "dstSeq": 7,
      "weight": 600
    },
    {
      "srcSeq": 7,
      "dstSeq": 8,
      "weight": 750
    },
    {
      "srcSeq": 7,
      "dstSeq": 9,
      "weight": 1350
    },
    {
      "srcSeq": 8,
      "dstSeq": 12,
      "weight": 750
    },
    {
      "srcSeq": 9,
      "dstSeq": 12,
      "weight": 800
    },
    {
      "srcSeq": 10,
      "dstSeq": 11,
      "weight": 500
    },
    {
      "srcSeq": 10,
      "dstSeq": 13,
      "weight": 750
    },
    {
      "srcSeq": 11,
      "dstSeq": 12,
      "weight": 300
    },
    {
      "srcSeq": 11,
      "dstSeq": 14,
      "weight": 800
    },
    {
      "srcSeq": 12,
      "dstSeq": 13,
      "weight": 300
    },
    {
      "srcSeq": 13,
      "dstSeq": 14,
      "weight": 300
    }
  ],
  "nodes": [
    {
      "nodeId": 1
    },
    {
      "nodeId": 2
    },
    {
      "nodeId": 3
    },
    {
      "nodeId": 4
    },
    {
      "nodeId": 5
    },
    {
      "nodeId": 6
    },
    {
      "nodeId": 7
    },
    {
      "nodeId": 8
    },
    {
      "nodeId": 9
    },
    {
      "nodeId": 10
    },
    {
      "nodeId": 11
    },
    {
      "nodeId": 12
    },
    {
      "nodeId": 13
    },
    {
      "nodeId": 14
    }
  ]
}
